age	state	a1c_6.5+_(%)	dm_(%)	n_all_patients	Year
<18 Years	Marshall Islands	NA	NA	5	1/1/2025 - 10/30/2025
<18 Years	Federated States of Micronesia	NA	NA	5	1/1/2025 - 10/30/2025
<18 Years	American Samoa, South Pacific	NA	NA	5	1/1/2025 - 10/30/2025
<18 Years	Northern Mariana Islands	NA	NA	5	1/1/2025 - 10/30/2025
<18 Years	Virgin Islands	NA	NA	93	1/1/2025 - 10/30/2025
<18 Years	Alabama	0.36%	0.64%	43225	1/1/2025 - 10/30/2025
<18 Years	Guam	NA	NA	23	1/1/2025 - 10/30/2025
<18 Years	Mississippi	0.64%	0.82%	257027	1/1/2025 - 10/30/2025
<18 Years	Kentucky	0.59%	0.76%	436608	1/1/2025 - 10/30/2025
<18 Years	Delaware	0.55%	0.69%	110898	1/1/2025 - 10/30/2025
<18 Years	Indiana	0.29%	0.49%	435971	1/1/2025 - 10/30/2025
<18 Years	North Carolina	0.48%	0.70%	870508	1/1/2025 - 10/30/2025
<18 Years	South Carolina	0.55%	0.76%	494579	1/1/2025 - 10/30/2025
<18 Years	Ohio	0.33%	0.49%	1300758	1/1/2025 - 10/30/2025
<18 Years	West Virginia	0.36%	0.57%	178299	1/1/2025 - 10/30/2025
<18 Years	Illinois	0.51%	0.68%	925004	1/1/2025 - 10/30/2025
<18 Years	Maine	0.55%	0.62%	97311	1/1/2025 - 10/30/2025
<18 Years	Maryland	0.51%	0.87%	160359	1/1/2025 - 10/30/2025
<18 Years	New Jersey	0.48%	0.79%	308526	1/1/2025 - 10/30/2025
<18 Years	Kansas	0.25%	0.48%	107225	1/1/2025 - 10/30/2025
<18 Years	Missouri	0.13%	0.34%	127443	1/1/2025 - 10/30/2025
<18 Years	Pennsylvania	0.23%	0.46%	804048	1/1/2025 - 10/30/2025
<18 Years	Michigan	0.46%	0.66%	762665	1/1/2025 - 10/30/2025
<18 Years	Virginia	0.53%	0.78%	495428	1/1/2025 - 10/30/2025
<18 Years	New York	0.44%	0.63%	711656	1/1/2025 - 10/30/2025
<18 Years	Rhode Island	0.46%	0.60%	107534	1/1/2025 - 10/30/2025
<18 Years	Oklahoma	0.82%	1.00%	217459	1/1/2025 - 10/30/2025
<18 Years	Minnesota	0.38%	0.54%	398508	1/1/2025 - 10/30/2025
<18 Years	Wisconsin	0.45%	0.54%	620188	1/1/2025 - 10/30/2025
<18 Years	Hawaii	0.50%	0.60%	82615	1/1/2025 - 10/30/2025
<18 Years	Iowa	0.52%	0.59%	363373	1/1/2025 - 10/30/2025
<18 Years	New Mexico	0.12%	0.36%	18751	1/1/2025 - 10/30/2025
<18 Years	Massachusetts	0.53%	0.72%	517108	1/1/2025 - 10/30/2025
<18 Years	Nebraska	0.24%	0.48%	72682	1/1/2025 - 10/30/2025
<18 Years	Louisiana	0.38%	0.52%	349913	1/1/2025 - 10/30/2025
<18 Years	Idaho	0.55%	0.68%	157359	1/1/2025 - 10/30/2025
<18 Years	Tennessee	0.58%	0.97%	194889	1/1/2025 - 10/30/2025
<18 Years	New Hampshire	0.71%	0.82%	81489	1/1/2025 - 10/30/2025
<18 Years	Georgia	0.44%	0.95%	570495	1/1/2025 - 10/30/2025
<18 Years	Arizona	0.25%	0.39%	189930	1/1/2025 - 10/30/2025
<18 Years	Arkansas	0.87%	1.04%	196960	1/1/2025 - 10/30/2025
<18 Years	Connecticut	0.57%	0.77%	338983	1/1/2025 - 10/30/2025
<18 Years	Wyoming	0.57%	1.04%	26179	1/1/2025 - 10/30/2025
<18 Years	Florida	0.55%	0.78%	1162897	1/1/2025 - 10/30/2025
<18 Years	Oregon	0.56%	0.72%	354013	1/1/2025 - 10/30/2025
<18 Years	Texas	0.47%	0.63%	2374615	1/1/2025 - 10/30/2025
<18 Years	Washington	0.26%	0.43%	202804	1/1/2025 - 10/30/2025
<18 Years	California	0.25%	0.51%	1404040	1/1/2025 - 10/30/2025
<18 Years	Montana	0.36%	0.59%	52121	1/1/2025 - 10/30/2025
<18 Years	Puerto Rico	0.10%	0.55%	17243	1/1/2025 - 10/30/2025
<18 Years	South Dakota	0.43%	0.59%	82994	1/1/2025 - 10/30/2025
<18 Years	Alaska	NA	NA	1401	1/1/2025 - 10/30/2025
<18 Years	North Dakota	0.36%	0.51%	125832	1/1/2025 - 10/30/2025
<18 Years	Nevada	0.44%	0.67%	117610	1/1/2025 - 10/30/2025
<18 Years	District of Columbia	NA	NA	1946	1/1/2025 - 10/30/2025
<18 Years	Colorado	0.39%	0.58%	476887	1/1/2025 - 10/30/2025
<18 Years	Vermont	0.76%	0.91%	42943	1/1/2025 - 10/30/2025
<18 Years	Armed Forces Pacific	NA	NA	51	1/1/2025 - 10/30/2025
<18 Years	Utah	0.32%	1.62%	137400	1/1/2025 - 10/30/2025
<18 Years	Armed Forces Africa	NA	NA	74	1/1/2025 - 10/30/2025
<18 Years	None of the above	0.40%	0.78%	207441	1/1/2025 - 10/30/2025
<18 Years	Total	0.44%	0.66%	19894398	1/1/2025 - 10/30/2025
18-24 Years	Marshall Islands	NA	NA	5	1/1/2025 - 10/30/2025
18-24 Years	Federated States of Micronesia	NA	NA	5	1/1/2025 - 10/30/2025
18-24 Years	American Samoa, South Pacific	NA	NA	5	1/1/2025 - 10/30/2025
18-24 Years	Northern Mariana Islands	NA	NA	5	1/1/2025 - 10/30/2025
18-24 Years	Virgin Islands	NA	NA	57	1/1/2025 - 10/30/2025
18-24 Years	Alabama	1.94%	3.19%	22062	1/1/2025 - 10/30/2025
18-24 Years	Guam	NA	NA	17	1/1/2025 - 10/30/2025
18-24 Years	Mississippi	1.76%	2.67%	101288	1/1/2025 - 10/30/2025
18-24 Years	Kentucky	1.68%	2.52%	168158	1/1/2025 - 10/30/2025
18-24 Years	Delaware	1.82%	2.65%	27198	1/1/2025 - 10/30/2025
18-24 Years	Indiana	1.26%	2.05%	166770	1/1/2025 - 10/30/2025
18-24 Years	North Carolina	1.44%	2.22%	366206	1/1/2025 - 10/30/2025
18-24 Years	South Carolina	1.62%	2.47%	199584	1/1/2025 - 10/30/2025
18-24 Years	Ohio	1.26%	2.00%	568158	1/1/2025 - 10/30/2025
18-24 Years	West Virginia	1.24%	2.21%	62394	1/1/2025 - 10/30/2025
18-24 Years	Illinois	1.58%	2.18%	334526	1/1/2025 - 10/30/2025
18-24 Years	Maine	1.59%	2.09%	37992	1/1/2025 - 10/30/2025
18-24 Years	Maryland	1.30%	2.26%	94076	1/1/2025 - 10/30/2025
18-24 Years	New Jersey	1.21%	2.08%	165995	1/1/2025 - 10/30/2025
18-24 Years	Kansas	1.19%	2.12%	55430	1/1/2025 - 10/30/2025
18-24 Years	Missouri	1.23%	1.96%	61818	1/1/2025 - 10/30/2025
18-24 Years	Pennsylvania	0.96%	1.68%	426066	1/1/2025 - 10/30/2025
18-24 Years	Michigan	1.36%	2.08%	325817	1/1/2025 - 10/30/2025
18-24 Years	Virginia	1.42%	2.20%	239957	1/1/2025 - 10/30/2025
18-24 Years	New York	1.18%	1.93%	363962	1/1/2025 - 10/30/2025
18-24 Years	Rhode Island	1.29%	1.91%	41343	1/1/2025 - 10/30/2025
18-24 Years	Oklahoma	2.17%	3.08%	68756	1/1/2025 - 10/30/2025
18-24 Years	Minnesota	1.33%	1.87%	153676	1/1/2025 - 10/30/2025
18-24 Years	Wisconsin	1.38%	1.80%	206704	1/1/2025 - 10/30/2025
18-24 Years	Hawaii	1.20%	1.85%	30239	1/1/2025 - 10/30/2025
18-24 Years	Iowa	1.46%	1.91%	126105	1/1/2025 - 10/30/2025
18-24 Years	New Mexico	1.01%	1.93%	11740	1/1/2025 - 10/30/2025
18-24 Years	Massachusetts	1.39%	2.03%	220415	1/1/2025 - 10/30/2025
18-24 Years	Nebraska	1.34%	1.99%	56579	1/1/2025 - 10/30/2025
18-24 Years	Louisiana	1.15%	1.96%	147627	1/1/2025 - 10/30/2025
18-24 Years	Idaho	1.50%	2.09%	58988	1/1/2025 - 10/30/2025
18-24 Years	Tennessee	1.46%	2.62%	77121	1/1/2025 - 10/30/2025
18-24 Years	New Hampshire	1.69%	2.16%	31199	1/1/2025 - 10/30/2025
18-24 Years	Georgia	1.26%	2.62%	183583	1/1/2025 - 10/30/2025
18-24 Years	Arizona	0.97%	1.45%	91756	1/1/2025 - 10/30/2025
18-24 Years	Arkansas	2.01%	2.97%	53393	1/1/2025 - 10/30/2025
18-24 Years	Connecticut	1.27%	2.07%	155917	1/1/2025 - 10/30/2025
18-24 Years	Wyoming	1.39%	2.16%	9435	1/1/2025 - 10/30/2025
18-24 Years	Florida	1.35%	2.31%	437047	1/1/2025 - 10/30/2025
18-24 Years	Oregon	1.29%	1.95%	125776	1/1/2025 - 10/30/2025
18-24 Years	Texas	1.37%	2.32%	627573	1/1/2025 - 10/30/2025
18-24 Years	Washington	0.90%	1.40%	91175	1/1/2025 - 10/30/2025
18-24 Years	California	0.94%	1.79%	537574	1/1/2025 - 10/30/2025
18-24 Years	Montana	1.17%	1.79%	25276	1/1/2025 - 10/30/2025
18-24 Years	Puerto Rico	0.76%	2.41%	6320	1/1/2025 - 10/30/2025
18-24 Years	South Dakota	1.19%	1.69%	30120	1/1/2025 - 10/30/2025
18-24 Years	Alaska	NA	1.37%	1166	1/1/2025 - 10/30/2025
18-24 Years	North Dakota	1.17%	1.69%	45064	1/1/2025 - 10/30/2025
18-24 Years	Nevada	0.87%	1.51%	54121	1/1/2025 - 10/30/2025
18-24 Years	District of Columbia	1.02%	1.81%	6470	1/1/2025 - 10/30/2025
18-24 Years	Colorado	1.12%	1.85%	170546	1/1/2025 - 10/30/2025
18-24 Years	Vermont	1.35%	1.99%	20495	1/1/2025 - 10/30/2025
18-24 Years	Armed Forces Pacific	NA	NA	22	1/1/2025 - 10/30/2025
18-24 Years	Utah	1.02%	2.11%	58440	1/1/2025 - 10/30/2025
18-24 Years	Armed Forces Africa	NA	NA	27	1/1/2025 - 10/30/2025
18-24 Years	None of the above	1.01%	1.93%	101068	1/1/2025 - 10/30/2025
18-24 Years	Total	1.30%	2.08%	7850394	1/1/2025 - 10/30/2025
25-34 Years	Marshall Islands	NA	NA	5	1/1/2025 - 10/30/2025
25-34 Years	Federated States of Micronesia	NA	NA	5	1/1/2025 - 10/30/2025
25-34 Years	American Samoa, South Pacific	NA	NA	5	1/1/2025 - 10/30/2025
25-34 Years	Northern Mariana Islands	NA	NA	5	1/1/2025 - 10/30/2025
25-34 Years	Virgin Islands	NA	NA	97	1/1/2025 - 10/30/2025
25-34 Years	Alabama	3.53%	6.33%	37592	1/1/2025 - 10/30/2025
25-34 Years	Guam	NA	NA	23	1/1/2025 - 10/30/2025
25-34 Years	Mississippi	3.04%	5.01%	148170	1/1/2025 - 10/30/2025
25-34 Years	Kentucky	2.82%	4.61%	259263	1/1/2025 - 10/30/2025
25-34 Years	Delaware	2.64%	4.45%	32386	1/1/2025 - 10/30/2025
25-34 Years	Indiana	2.72%	4.59%	258935	1/1/2025 - 10/30/2025
25-34 Years	North Carolina	2.66%	4.19%	568427	1/1/2025 - 10/30/2025
25-34 Years	South Carolina	2.72%	4.46%	310389	1/1/2025 - 10/30/2025
25-34 Years	Ohio	2.51%	4.13%	877524	1/1/2025 - 10/30/2025
25-34 Years	West Virginia	2.54%	4.72%	90155	1/1/2025 - 10/30/2025
25-34 Years	Illinois	2.78%	4.17%	506118	1/1/2025 - 10/30/2025
25-34 Years	Maine	2.38%	3.50%	58447	1/1/2025 - 10/30/2025
25-34 Years	Maryland	2.17%	4.13%	167951	1/1/2025 - 10/30/2025
25-34 Years	New Jersey	2.02%	3.58%	288517	1/1/2025 - 10/30/2025
25-34 Years	Kansas	2.29%	4.11%	86743	1/1/2025 - 10/30/2025
25-34 Years	Missouri	2.34%	3.90%	100507	1/1/2025 - 10/30/2025
25-34 Years	Pennsylvania	1.95%	3.32%	707563	1/1/2025 - 10/30/2025
25-34 Years	Michigan	2.15%	3.57%	527168	1/1/2025 - 10/30/2025
25-34 Years	Virginia	2.26%	3.77%	404187	1/1/2025 - 10/30/2025
25-34 Years	New York	1.97%	3.44%	623442	1/1/2025 - 10/30/2025
25-34 Years	Rhode Island	2.09%	3.82%	61389	1/1/2025 - 10/30/2025
25-34 Years	Oklahoma	2.86%	4.78%	101906	1/1/2025 - 10/30/2025
25-34 Years	Minnesota	2.47%	3.71%	228698	1/1/2025 - 10/30/2025
25-34 Years	Wisconsin	2.42%	3.35%	299747	1/1/2025 - 10/30/2025
25-34 Years	Hawaii	2.44%	4.31%	50797	1/1/2025 - 10/30/2025
25-34 Years	Iowa	2.66%	4.03%	174109	1/1/2025 - 10/30/2025
25-34 Years	New Mexico	2.30%	4.17%	22092	1/1/2025 - 10/30/2025
25-34 Years	Massachusetts	1.98%	3.16%	353071	1/1/2025 - 10/30/2025
25-34 Years	Nebraska	2.65%	4.34%	81682	1/1/2025 - 10/30/2025
25-34 Years	Louisiana	2.08%	4.12%	212368	1/1/2025 - 10/30/2025
25-34 Years	Idaho	2.40%	3.77%	85163	1/1/2025 - 10/30/2025
25-34 Years	Tennessee	2.25%	4.41%	125626	1/1/2025 - 10/30/2025
25-34 Years	New Hampshire	2.16%	3.20%	43895	1/1/2025 - 10/30/2025
25-34 Years	Georgia	2.25%	4.30%	275868	1/1/2025 - 10/30/2025
25-34 Years	Arizona	2.29%	3.35%	154156	1/1/2025 - 10/30/2025
25-34 Years	Arkansas	2.83%	5.16%	76139	1/1/2025 - 10/30/2025
25-34 Years	Connecticut	1.88%	3.77%	243850	1/1/2025 - 10/30/2025
25-34 Years	Wyoming	2.18%	3.42%	13830	1/1/2025 - 10/30/2025
25-34 Years	Florida	2.00%	3.92%	691781	1/1/2025 - 10/30/2025
25-34 Years	Oregon	1.99%	3.41%	203816	1/1/2025 - 10/30/2025
25-34 Years	Texas	2.29%	4.47%	1026390	1/1/2025 - 10/30/2025
25-34 Years	Washington	1.73%	2.64%	177200	1/1/2025 - 10/30/2025
25-34 Years	California	1.89%	3.49%	893228	1/1/2025 - 10/30/2025
25-34 Years	Montana	2.03%	3.15%	39052	1/1/2025 - 10/30/2025
25-34 Years	Puerto Rico	1.65%	5.03%	8995	1/1/2025 - 10/30/2025
25-34 Years	South Dakota	2.13%	3.08%	41752	1/1/2025 - 10/30/2025
25-34 Years	Alaska	1.59%	2.39%	1382	1/1/2025 - 10/30/2025
25-34 Years	North Dakota	2.06%	3.28%	70961	1/1/2025 - 10/30/2025
25-34 Years	Nevada	1.45%	2.77%	98389	1/1/2025 - 10/30/2025
25-34 Years	District of Columbia	1.38%	2.15%	23858	1/1/2025 - 10/30/2025
25-34 Years	Colorado	1.63%	2.91%	313823	1/1/2025 - 10/30/2025
25-34 Years	Vermont	1.62%	3.06%	32242	1/1/2025 - 10/30/2025
25-34 Years	Armed Forces Pacific	NA	NA	22	1/1/2025 - 10/30/2025
25-34 Years	Utah	1.80%	3.41%	94022	1/1/2025 - 10/30/2025
25-34 Years	Armed Forces Africa	NA	NA	41	1/1/2025 - 10/30/2025
25-34 Years	None of the above	1.63%	3.01%	191287	1/1/2025 - 10/30/2025
25-34 Years	Total	2.24%	3.85%	12566249	1/1/2025 - 10/30/2025
35-44 Years	Marshall Islands	NA	NA	5	1/1/2025 - 10/30/2025
35-44 Years	Federated States of Micronesia	NA	NA	5	1/1/2025 - 10/30/2025
35-44 Years	American Samoa, South Pacific	NA	NA	22	1/1/2025 - 10/30/2025
35-44 Years	Northern Mariana Islands	NA	NA	5	1/1/2025 - 10/30/2025
35-44 Years	Virgin Islands	NA	6.45%	217	1/1/2025 - 10/30/2025
35-44 Years	Alabama	6.78%	11.90%	47572	1/1/2025 - 10/30/2025
35-44 Years	Guam	NA	NA	27	1/1/2025 - 10/30/2025
35-44 Years	Mississippi	6.60%	10.78%	166068	1/1/2025 - 10/30/2025
35-44 Years	Kentucky	6.01%	9.55%	278851	1/1/2025 - 10/30/2025
35-44 Years	Delaware	6.12%	9.47%	36271	1/1/2025 - 10/30/2025
35-44 Years	Indiana	6.11%	9.80%	278394	1/1/2025 - 10/30/2025
35-44 Years	North Carolina	5.71%	8.80%	617976	1/1/2025 - 10/30/2025
35-44 Years	South Carolina	5.59%	9.22%	340810	1/1/2025 - 10/30/2025
35-44 Years	Ohio	5.41%	8.59%	950040	1/1/2025 - 10/30/2025
35-44 Years	West Virginia	5.42%	9.97%	97666	1/1/2025 - 10/30/2025
35-44 Years	Illinois	6.00%	9.00%	540781	1/1/2025 - 10/30/2025
35-44 Years	Maine	4.58%	6.50%	70625	1/1/2025 - 10/30/2025
35-44 Years	Maryland	4.67%	8.23%	192243	1/1/2025 - 10/30/2025
35-44 Years	New Jersey	4.34%	7.49%	326509	1/1/2025 - 10/30/2025
35-44 Years	Kansas	4.67%	7.95%	100480	1/1/2025 - 10/30/2025
35-44 Years	Missouri	5.09%	8.28%	106185	1/1/2025 - 10/30/2025
35-44 Years	Pennsylvania	4.12%	6.88%	792447	1/1/2025 - 10/30/2025
35-44 Years	Michigan	4.53%	7.30%	555387	1/1/2025 - 10/30/2025
35-44 Years	Virginia	4.63%	7.58%	482614	1/1/2025 - 10/30/2025
35-44 Years	New York	4.18%	7.07%	662966	1/1/2025 - 10/30/2025
35-44 Years	Rhode Island	4.54%	7.56%	66080	1/1/2025 - 10/30/2025
35-44 Years	Oklahoma	5.75%	9.67%	115373	1/1/2025 - 10/30/2025
35-44 Years	Minnesota	4.99%	7.47%	261530	1/1/2025 - 10/30/2025
35-44 Years	Wisconsin	5.33%	7.24%	323678	1/1/2025 - 10/30/2025
35-44 Years	Hawaii	5.11%	9.10%	61170	1/1/2025 - 10/30/2025
35-44 Years	Iowa	5.68%	8.36%	189570	1/1/2025 - 10/30/2025
35-44 Years	New Mexico	4.91%	8.76%	25012	1/1/2025 - 10/30/2025
35-44 Years	Massachusetts	4.25%	6.61%	371085	1/1/2025 - 10/30/2025
35-44 Years	Nebraska	4.79%	8.14%	85757	1/1/2025 - 10/30/2025
35-44 Years	Louisiana	4.57%	8.92%	243613	1/1/2025 - 10/30/2025
35-44 Years	Idaho	4.68%	7.32%	93102	1/1/2025 - 10/30/2025
35-44 Years	Tennessee	4.79%	9.34%	134983	1/1/2025 - 10/30/2025
35-44 Years	New Hampshire	3.98%	5.83%	50781	1/1/2025 - 10/30/2025
35-44 Years	Georgia	4.78%	8.98%	313753	1/1/2025 - 10/30/2025
35-44 Years	Arizona	5.41%	7.51%	157698	1/1/2025 - 10/30/2025
35-44 Years	Arkansas	5.71%	10.27%	84432	1/1/2025 - 10/30/2025
35-44 Years	Connecticut	3.63%	7.18%	280687	1/1/2025 - 10/30/2025
35-44 Years	Wyoming	3.86%	6.72%	16203	1/1/2025 - 10/30/2025
35-44 Years	Florida	4.23%	8.15%	781777	1/1/2025 - 10/30/2025
35-44 Years	Oregon	4.33%	7.05%	220743	1/1/2025 - 10/30/2025
35-44 Years	Texas	5.02%	9.69%	1177217	1/1/2025 - 10/30/2025
35-44 Years	Washington	3.94%	5.86%	194038	1/1/2025 - 10/30/2025
35-44 Years	California	4.48%	7.76%	939450	1/1/2025 - 10/30/2025
35-44 Years	Montana	3.65%	5.73%	41847	1/1/2025 - 10/30/2025
35-44 Years	Puerto Rico	4.51%	11.46%	8331	1/1/2025 - 10/30/2025
35-44 Years	South Dakota	4.33%	6.45%	44649	1/1/2025 - 10/30/2025
35-44 Years	Alaska	3.82%	5.51%	1125	1/1/2025 - 10/30/2025
35-44 Years	North Dakota	4.07%	6.70%	76548	1/1/2025 - 10/30/2025
35-44 Years	Nevada	3.25%	6.15%	103488	1/1/2025 - 10/30/2025
35-44 Years	District of Columbia	2.88%	4.79%	20039	1/1/2025 - 10/30/2025
35-44 Years	Colorado	3.23%	5.69%	320895	1/1/2025 - 10/30/2025
35-44 Years	Vermont	2.52%	5.11%	41599	1/1/2025 - 10/30/2025
35-44 Years	Armed Forces Pacific	NA	NA	61	1/1/2025 - 10/30/2025
35-44 Years	Utah	3.36%	6.70%	91856	1/1/2025 - 10/30/2025
35-44 Years	Armed Forces Africa	NA	NA	141	1/1/2025 - 10/30/2025
35-44 Years	None of the above	3.55%	6.76%	168388	1/1/2025 - 10/30/2025
35-44 Years	Total	4.79%	8.07%	13750857	1/1/2025 - 10/30/2025
45-54 Years	Marshall Islands	NA	NA	5	1/1/2025 - 10/30/2025
45-54 Years	Federated States of Micronesia	NA	NA	5	1/1/2025 - 10/30/2025
45-54 Years	American Samoa, South Pacific	NA	27.50%	40	1/1/2025 - 10/30/2025
45-54 Years	Northern Mariana Islands	NA	NA	13	1/1/2025 - 10/30/2025
45-54 Years	Virgin Islands	11.03%	17.21%	517	1/1/2025 - 10/30/2025
45-54 Years	Alabama	11.72%	20.59%	61195	1/1/2025 - 10/30/2025
45-54 Years	Guam	NA	NA	38	1/1/2025 - 10/30/2025
45-54 Years	Mississippi	12.50%	19.99%	194322	1/1/2025 - 10/30/2025
45-54 Years	Kentucky	12.28%	18.70%	299995	1/1/2025 - 10/30/2025
45-54 Years	Delaware	12.63%	17.37%	37097	1/1/2025 - 10/30/2025
45-54 Years	Indiana	12.35%	18.81%	287678	1/1/2025 - 10/30/2025
45-54 Years	North Carolina	11.36%	16.85%	666278	1/1/2025 - 10/30/2025
45-54 Years	South Carolina	11.09%	17.74%	357744	1/1/2025 - 10/30/2025
45-54 Years	Ohio	11.13%	16.84%	968352	1/1/2025 - 10/30/2025
45-54 Years	West Virginia	10.88%	20.07%	114469	1/1/2025 - 10/30/2025
45-54 Years	Illinois	11.88%	17.35%	572937	1/1/2025 - 10/30/2025
45-54 Years	Maine	9.16%	12.58%	73116	1/1/2025 - 10/30/2025
45-54 Years	Maryland	9.58%	15.92%	184537	1/1/2025 - 10/30/2025
45-54 Years	New Jersey	8.74%	14.43%	353003	1/1/2025 - 10/30/2025
45-54 Years	Kansas	9.32%	15.28%	101544	1/1/2025 - 10/30/2025
45-54 Years	Missouri	10.32%	16.41%	105516	1/1/2025 - 10/30/2025
45-54 Years	Pennsylvania	8.83%	14.04%	778743	1/1/2025 - 10/30/2025
45-54 Years	Michigan	9.56%	14.80%	562468	1/1/2025 - 10/30/2025
45-54 Years	Virginia	9.09%	14.54%	503855	1/1/2025 - 10/30/2025
45-54 Years	New York	8.60%	13.81%	666403	1/1/2025 - 10/30/2025
45-54 Years	Rhode Island	9.55%	14.79%	65393	1/1/2025 - 10/30/2025
45-54 Years	Oklahoma	10.59%	17.41%	122680	1/1/2025 - 10/30/2025
45-54 Years	Minnesota	10.27%	14.54%	242793	1/1/2025 - 10/30/2025
45-54 Years	Wisconsin	10.91%	14.45%	310336	1/1/2025 - 10/30/2025
45-54 Years	Hawaii	9.12%	16.31%	66525	1/1/2025 - 10/30/2025
45-54 Years	Iowa	11.14%	15.99%	184190	1/1/2025 - 10/30/2025
45-54 Years	New Mexico	9.75%	17.01%	25839	1/1/2025 - 10/30/2025
45-54 Years	Massachusetts	8.81%	13.17%	370302	1/1/2025 - 10/30/2025
45-54 Years	Nebraska	9.28%	15.08%	81832	1/1/2025 - 10/30/2025
45-54 Years	Louisiana	9.19%	17.38%	243055	1/1/2025 - 10/30/2025
45-54 Years	Idaho	8.80%	13.25%	97398	1/1/2025 - 10/30/2025
45-54 Years	Tennessee	9.20%	17.67%	156923	1/1/2025 - 10/30/2025
45-54 Years	New Hampshire	7.91%	11.29%	54583	1/1/2025 - 10/30/2025
45-54 Years	Georgia	9.20%	16.86%	356428	1/1/2025 - 10/30/2025
45-54 Years	Arizona	10.19%	14.19%	157110	1/1/2025 - 10/30/2025
45-54 Years	Arkansas	10.39%	18.57%	96661	1/1/2025 - 10/30/2025
45-54 Years	Connecticut	7.41%	13.65%	281480	1/1/2025 - 10/30/2025
45-54 Years	Wyoming	8.40%	14.18%	16567	1/1/2025 - 10/30/2025
45-54 Years	Florida	8.27%	15.44%	827683	1/1/2025 - 10/30/2025
45-54 Years	Oregon	9.07%	14.09%	204766	1/1/2025 - 10/30/2025
45-54 Years	Texas	9.76%	18.40%	1206573	1/1/2025 - 10/30/2025
45-54 Years	Washington	8.35%	11.89%	170977	1/1/2025 - 10/30/2025
45-54 Years	California	9.45%	15.51%	894522	1/1/2025 - 10/30/2025
45-54 Years	Montana	7.61%	11.70%	39731	1/1/2025 - 10/30/2025
45-54 Years	Puerto Rico	9.99%	22.09%	9323	1/1/2025 - 10/30/2025
45-54 Years	South Dakota	8.82%	12.67%	40766	1/1/2025 - 10/30/2025
45-54 Years	Alaska	9.08%	13.42%	969	1/1/2025 - 10/30/2025
45-54 Years	North Dakota	8.41%	13.90%	62848	1/1/2025 - 10/30/2025
45-54 Years	Nevada	7.02%	12.66%	94197	1/1/2025 - 10/30/2025
45-54 Years	District of Columbia	6.38%	10.98%	13785	1/1/2025 - 10/30/2025
45-54 Years	Colorado	6.70%	11.23%	285752	1/1/2025 - 10/30/2025
45-54 Years	Vermont	4.76%	9.37%	43052	1/1/2025 - 10/30/2025
45-54 Years	Armed Forces Pacific	NA	NA	92	1/1/2025 - 10/30/2025
45-54 Years	Utah	5.98%	12.34%	86976	1/1/2025 - 10/30/2025
45-54 Years	Armed Forces Africa	NA	6.40%	172	1/1/2025 - 10/30/2025
45-54 Years	None of the above	7.43%	14.53%	145922	1/1/2025 - 10/30/2025
45-54 Years	Total	9.70%	15.75%	13948076	1/1/2025 - 10/30/2025
55-64 Years	Marshall Islands	NA	NA	5	1/1/2025 - 10/30/2025
55-64 Years	Federated States of Micronesia	NA	NA	5	1/1/2025 - 10/30/2025
55-64 Years	American Samoa, South Pacific	NA	38.46%	52	1/1/2025 - 10/30/2025
55-64 Years	Northern Mariana Islands	NA	NA	18	1/1/2025 - 10/30/2025
55-64 Years	Virgin Islands	12.55%	22.54%	781	1/1/2025 - 10/30/2025
55-64 Years	Alabama	15.40%	27.19%	75548	1/1/2025 - 10/30/2025
55-64 Years	Guam	NA	27.27%	88	1/1/2025 - 10/30/2025
55-64 Years	Mississippi	17.03%	27.14%	224287	1/1/2025 - 10/30/2025
55-64 Years	Kentucky	17.47%	26.26%	336758	1/1/2025 - 10/30/2025
55-64 Years	Delaware	18.18%	24.86%	50677	1/1/2025 - 10/30/2025
55-64 Years	Indiana	17.12%	25.98%	317222	1/1/2025 - 10/30/2025
55-64 Years	North Carolina	16.14%	24.23%	755627	1/1/2025 - 10/30/2025
55-64 Years	South Carolina	15.60%	25.02%	425318	1/1/2025 - 10/30/2025
55-64 Years	Ohio	16.01%	24.12%	1114405	1/1/2025 - 10/30/2025
55-64 Years	West Virginia	15.38%	27.89%	134459	1/1/2025 - 10/30/2025
55-64 Years	Illinois	15.99%	24.22%	642311	1/1/2025 - 10/30/2025
55-64 Years	Maine	13.28%	18.06%	97532	1/1/2025 - 10/30/2025
55-64 Years	Maryland	14.03%	23.19%	229807	1/1/2025 - 10/30/2025
55-64 Years	New Jersey	13.34%	22.04%	439673	1/1/2025 - 10/30/2025
55-64 Years	Kansas	13.66%	21.99%	115716	1/1/2025 - 10/30/2025
55-64 Years	Missouri	14.80%	23.87%	121891	1/1/2025 - 10/30/2025
55-64 Years	Pennsylvania	13.48%	21.22%	940032	1/1/2025 - 10/30/2025
55-64 Years	Michigan	13.93%	21.54%	666306	1/1/2025 - 10/30/2025
55-64 Years	Virginia	13.45%	21.74%	590399	1/1/2025 - 10/30/2025
55-64 Years	New York	12.92%	20.78%	863279	1/1/2025 - 10/30/2025
55-64 Years	Rhode Island	13.88%	21.41%	85655	1/1/2025 - 10/30/2025
55-64 Years	Oklahoma	14.74%	24.37%	138907	1/1/2025 - 10/30/2025
55-64 Years	Minnesota	14.72%	20.63%	280422	1/1/2025 - 10/30/2025
55-64 Years	Wisconsin	15.05%	20.34%	364454	1/1/2025 - 10/30/2025
55-64 Years	Hawaii	13.11%	23.74%	77699	1/1/2025 - 10/30/2025
55-64 Years	Iowa	15.36%	22.58%	203246	1/1/2025 - 10/30/2025
55-64 Years	New Mexico	12.68%	22.27%	33604	1/1/2025 - 10/30/2025
55-64 Years	Massachusetts	13.33%	19.87%	446978	1/1/2025 - 10/30/2025
55-64 Years	Nebraska	12.98%	21.51%	92088	1/1/2025 - 10/30/2025
55-64 Years	Louisiana	13.45%	25.05%	275429	1/1/2025 - 10/30/2025
55-64 Years	Idaho	13.10%	19.09%	104008	1/1/2025 - 10/30/2025
55-64 Years	Tennessee	12.69%	24.58%	190282	1/1/2025 - 10/30/2025
55-64 Years	New Hampshire	11.18%	15.88%	78511	1/1/2025 - 10/30/2025
55-64 Years	Georgia	13.32%	24.35%	401813	1/1/2025 - 10/30/2025
55-64 Years	Arizona	13.21%	18.83%	178131	1/1/2025 - 10/30/2025
55-64 Years	Arkansas	13.59%	24.97%	112259	1/1/2025 - 10/30/2025
55-64 Years	Connecticut	11.49%	20.25%	356619	1/1/2025 - 10/30/2025
55-64 Years	Wyoming	11.43%	18.57%	20210	1/1/2025 - 10/30/2025
55-64 Years	Florida	11.71%	22.21%	1011734	1/1/2025 - 10/30/2025
55-64 Years	Oregon	13.46%	20.77%	204053	1/1/2025 - 10/30/2025
55-64 Years	Texas	13.76%	26.09%	1240889	1/1/2025 - 10/30/2025
55-64 Years	Washington	12.18%	17.55%	179325	1/1/2025 - 10/30/2025
55-64 Years	California	13.65%	22.77%	951305	1/1/2025 - 10/30/2025
55-64 Years	Montana	11.46%	17.27%	44167	1/1/2025 - 10/30/2025
55-64 Years	Puerto Rico	15.27%	32.18%	10801	1/1/2025 - 10/30/2025
55-64 Years	South Dakota	12.37%	17.82%	43978	1/1/2025 - 10/30/2025
55-64 Years	Alaska	13.87%	18.99%	1269	1/1/2025 - 10/30/2025
55-64 Years	North Dakota	11.89%	19.89%	66068	1/1/2025 - 10/30/2025
55-64 Years	Nevada	10.51%	18.78%	104433	1/1/2025 - 10/30/2025
55-64 Years	District of Columbia	11.13%	19.91%	13141	1/1/2025 - 10/30/2025
55-64 Years	Colorado	10.13%	16.88%	288896	1/1/2025 - 10/30/2025
55-64 Years	Vermont	7.00%	13.93%	55614	1/1/2025 - 10/30/2025
55-64 Years	Armed Forces Pacific	NA	NA	60	1/1/2025 - 10/30/2025
55-64 Years	Utah	8.66%	18.64%	79738	1/1/2025 - 10/30/2025
55-64 Years	Armed Forces Africa	NA	10.37%	135	1/1/2025 - 10/30/2025
55-64 Years	None of the above	10.66%	22.45%	156519	1/1/2025 - 10/30/2025
55-64 Years	Total	13.93%	22.69%	16034637	1/1/2025 - 10/30/2025
65+ Years	Marshall Islands	NA	NA	15	1/1/2025 - 10/30/2025
65+ Years	Federated States of Micronesia	NA	NA	23	1/1/2025 - 10/30/2025
65+ Years	American Samoa, South Pacific	21.37%	46.15%	117	1/1/2025 - 10/30/2025
65+ Years	Northern Mariana Islands	NA	31.43%	35	1/1/2025 - 10/30/2025
65+ Years	Virgin Islands	16.15%	29.16%	1622	1/1/2025 - 10/30/2025
65+ Years	Alabama	16.57%	30.82%	138452	1/1/2025 - 10/30/2025
65+ Years	Guam	14.45%	36.42%	173	1/1/2025 - 10/30/2025
65+ Years	Mississippi	18.56%	32.60%	391183	1/1/2025 - 10/30/2025
65+ Years	Kentucky	19.55%	30.85%	536171	1/1/2025 - 10/30/2025
65+ Years	Delaware	20.64%	30.14%	98490	1/1/2025 - 10/30/2025
65+ Years	Indiana	19.21%	30.98%	534704	1/1/2025 - 10/30/2025
65+ Years	North Carolina	17.64%	29.20%	1304407	1/1/2025 - 10/30/2025
65+ Years	South Carolina	17.64%	30.04%	758018	1/1/2025 - 10/30/2025
65+ Years	Ohio	18.38%	30.06%	1921418	1/1/2025 - 10/30/2025
65+ Years	West Virginia	17.40%	33.37%	245558	1/1/2025 - 10/30/2025
65+ Years	Illinois	16.98%	29.38%	1129492	1/1/2025 - 10/30/2025
65+ Years	Maine	15.51%	21.79%	198833	1/1/2025 - 10/30/2025
65+ Years	Maryland	15.52%	28.36%	391396	1/1/2025 - 10/30/2025
65+ Years	New Jersey	15.81%	28.53%	741818	1/1/2025 - 10/30/2025
65+ Years	Kansas	15.95%	27.13%	222836	1/1/2025 - 10/30/2025
65+ Years	Missouri	16.23%	28.00%	226178	1/1/2025 - 10/30/2025
65+ Years	Pennsylvania	16.31%	27.06%	1643114	1/1/2025 - 10/30/2025
65+ Years	Michigan	16.64%	27.85%	1140348	1/1/2025 - 10/30/2025
65+ Years	Virginia	14.89%	27.00%	1015227	1/1/2025 - 10/30/2025
65+ Years	New York	15.27%	26.32%	1524383	1/1/2025 - 10/30/2025
65+ Years	Rhode Island	16.00%	27.94%	148177	1/1/2025 - 10/30/2025
65+ Years	Oklahoma	15.10%	27.85%	244379	1/1/2025 - 10/30/2025
65+ Years	Minnesota	16.71%	25.03%	513482	1/1/2025 - 10/30/2025
65+ Years	Wisconsin	17.27%	25.42%	602513	1/1/2025 - 10/30/2025
65+ Years	Hawaii	13.53%	28.20%	151713	1/1/2025 - 10/30/2025
65+ Years	Iowa	16.17%	26.05%	370191	1/1/2025 - 10/30/2025
65+ Years	New Mexico	11.43%	23.43%	70761	1/1/2025 - 10/30/2025
65+ Years	Massachusetts	16.33%	26.24%	730464	1/1/2025 - 10/30/2025
65+ Years	Nebraska	13.84%	24.86%	184270	1/1/2025 - 10/30/2025
65+ Years	Louisiana	15.87%	30.97%	463702	1/1/2025 - 10/30/2025
65+ Years	Idaho	15.77%	24.11%	201004	1/1/2025 - 10/30/2025
65+ Years	Tennessee	13.14%	28.35%	339067	1/1/2025 - 10/30/2025
65+ Years	New Hampshire	13.37%	19.72%	142776	1/1/2025 - 10/30/2025
65+ Years	Georgia	14.17%	28.68%	665523	1/1/2025 - 10/30/2025
65+ Years	Arizona	12.03%	20.37%	329912	1/1/2025 - 10/30/2025
65+ Years	Arkansas	13.01%	27.28%	199978	1/1/2025 - 10/30/2025
65+ Years	Connecticut	14.35%	26.03%	585865	1/1/2025 - 10/30/2025
65+ Years	Wyoming	13.24%	22.69%	44801	1/1/2025 - 10/30/2025
65+ Years	Florida	12.36%	26.64%	1849056	1/1/2025 - 10/30/2025
65+ Years	Oregon	14.12%	23.62%	390906	1/1/2025 - 10/30/2025
65+ Years	Texas	14.19%	29.78%	1991870	1/1/2025 - 10/30/2025
65+ Years	Washington	13.61%	21.65%	321377	1/1/2025 - 10/30/2025
65+ Years	California	13.48%	25.86%	1550089	1/1/2025 - 10/30/2025
65+ Years	Montana	13.17%	21.31%	88058	1/1/2025 - 10/30/2025
65+ Years	Puerto Rico	14.62%	34.25%	12286	1/1/2025 - 10/30/2025
65+ Years	South Dakota	14.84%	22.53%	77607	1/1/2025 - 10/30/2025
65+ Years	Alaska	11.03%	17.57%	2892	1/1/2025 - 10/30/2025
65+ Years	North Dakota	14.19%	25.35%	115850	1/1/2025 - 10/30/2025
65+ Years	Nevada	10.50%	21.66%	174658	1/1/2025 - 10/30/2025
65+ Years	District of Columbia	11.05%	21.38%	20059	1/1/2025 - 10/30/2025
65+ Years	Colorado	11.70%	20.95%	513999	1/1/2025 - 10/30/2025
65+ Years	Vermont	8.38%	17.61%	107712	1/1/2025 - 10/30/2025
65+ Years	Armed Forces Pacific	NA	NA	31	1/1/2025 - 10/30/2025
65+ Years	Utah	8.95%	23.19%	153560	1/1/2025 - 10/30/2025
65+ Years	Armed Forces Africa	NA	NA	35	1/1/2025 - 10/30/2025
65+ Years	None of the above	12.41%	27.50%	221746	1/1/2025 - 10/30/2025
65+ Years	Total	15.47%	27.46%	27744380	1/1/2025 - 10/30/2025
Total	Marshall Islands	NA	NA	34	1/1/2025 - 10/30/2025
Total	Federated States of Micronesia	NA	26.92%	52	1/1/2025 - 10/30/2025
Total	American Samoa, South Pacific	17.77%	37.19%	242	1/1/2025 - 10/30/2025
Total	Northern Mariana Islands	16.46%	22.78%	79	1/1/2025 - 10/30/2025
Total	Virgin Islands	12.49%	22.36%	3372	1/1/2025 - 10/30/2025
Total	Alabama	10.92%	19.82%	416863	1/1/2025 - 10/30/2025
Total	Guam	10.91%	25.13%	394	1/1/2025 - 10/30/2025
Total	Mississippi	10.26%	17.20%	1456025	1/1/2025 - 10/30/2025
Total	Kentucky	9.82%	15.26%	2248726	1/1/2025 - 10/30/2025
Total	Delaware	9.62%	13.88%	405263	1/1/2025 - 10/30/2025
Total	Indiana	9.58%	15.19%	2266810	1/1/2025 - 10/30/2025
Total	North Carolina	9.40%	14.87%	5030382	1/1/2025 - 10/30/2025
Total	South Carolina	9.40%	15.57%	2800548	1/1/2025 - 10/30/2025
Total	Ohio	9.36%	14.82%	7523962	1/1/2025 - 10/30/2025
Total	West Virginia	9.13%	17.11%	898449	1/1/2025 - 10/30/2025
Total	Illinois	8.91%	14.33%	4560005	1/1/2025 - 10/30/2025
Total	Maine	8.83%	12.29%	615482	1/1/2025 - 10/30/2025
Total	Maryland	8.73%	15.41%	1392966	1/1/2025 - 10/30/2025
Total	New Jersey	8.70%	15.19%	2562446	1/1/2025 - 10/30/2025
Total	Kansas	8.69%	14.54%	772835	1/1/2025 - 10/30/2025
Total	Missouri	8.67%	14.53%	827513	1/1/2025 - 10/30/2025
Total	Pennsylvania	8.43%	13.79%	5911631	1/1/2025 - 10/30/2025
Total	Michigan	8.33%	13.50%	4409306	1/1/2025 - 10/30/2025
Total	Virginia	8.29%	14.24%	3683277	1/1/2025 - 10/30/2025
Total	New York	8.21%	13.81%	5290319	1/1/2025 - 10/30/2025
Total	Rhode Island	8.17%	13.62%	566098	1/1/2025 - 10/30/2025
Total	Oklahoma	8.14%	14.13%	992153	1/1/2025 - 10/30/2025
Total	Minnesota	8.14%	12.01%	2148848	1/1/2025 - 10/30/2025
Total	Wisconsin	8.02%	11.34%	2714255	1/1/2025 - 10/30/2025
Total	Hawaii	7.98%	15.48%	510911	1/1/2025 - 10/30/2025
Total	Iowa	7.97%	12.21%	1586231	1/1/2025 - 10/30/2025
Total	New Mexico	7.95%	15.22%	210630	1/1/2025 - 10/30/2025
Total	Massachusetts	7.92%	12.37%	2938332	1/1/2025 - 10/30/2025
Total	Nebraska	7.92%	13.69%	635583	1/1/2025 - 10/30/2025
Total	Louisiana	7.76%	14.91%	1880627	1/1/2025 - 10/30/2025
Total	Idaho	7.72%	11.67%	779539	1/1/2025 - 10/30/2025
Total	Tennessee	7.66%	15.66%	1194042	1/1/2025 - 10/30/2025
Total	New Hampshire	7.45%	10.82%	471216	1/1/2025 - 10/30/2025
Total	Georgia	7.37%	14.31%	2704955	1/1/2025 - 10/30/2025
Total	Arizona	7.33%	11.31%	1282500	1/1/2025 - 10/30/2025
Total	Arkansas	7.33%	14.11%	800826	1/1/2025 - 10/30/2025
Total	Connecticut	7.31%	13.27%	2181116	1/1/2025 - 10/30/2025
Total	Wyoming	7.26%	12.31%	144358	1/1/2025 - 10/30/2025
Total	Florida	6.94%	14.03%	6654886	1/1/2025 - 10/30/2025
Total	Oregon	6.89%	11.15%	1661893	1/1/2025 - 10/30/2025
Total	Texas	6.88%	13.63%	9542593	1/1/2025 - 10/30/2025
Total	Washington	6.83%	10.41%	1308098	1/1/2025 - 10/30/2025
Total	California	6.75%	12.13%	7018403	1/1/2025 - 10/30/2025
Total	Montana	6.74%	10.65%	321484	1/1/2025 - 10/30/2025
Total	Puerto Rico	6.67%	15.35%	71322	1/1/2025 - 10/30/2025
Total	South Dakota	6.60%	9.81%	352092	1/1/2025 - 10/30/2025
Total	Alaska	6.39%	9.66%	10168	1/1/2025 - 10/30/2025
Total	North Dakota	6.19%	10.62%	545941	1/1/2025 - 10/30/2025
Total	Nevada	5.50%	10.66%	730679	1/1/2025 - 10/30/2025
Total	District of Columbia	5.49%	9.98%	97278	1/1/2025 - 10/30/2025
Total	Colorado	5.31%	9.26%	2319831	1/1/2025 - 10/30/2025
Total	Vermont	4.98%	10.09%	336057	1/1/2025 - 10/30/2025
Total	Armed Forces Pacific	4.96%	8.75%	343	1/1/2025 - 10/30/2025
Total	Utah	4.46%	10.48%	688965	1/1/2025 - 10/30/2025
Total	Armed Forces Africa	2.82%	4.85%	639	1/1/2025 - 10/30/2025
Total	None of the above	5.50%	11.54%	1172766	1/1/2025 - 10/30/2025
Total	Total	7.98%	13.64%	109652639	1/1/2025 - 10/30/2025
<18 Years	Palau	NA	NA	5	1/1/2024 - 12/31/2024
18-24 Years	Palau	NA	NA	5	1/1/2024 - 12/31/2024
25-34 Years	Palau	NA	NA	5	1/1/2024 - 12/31/2024
35-44 Years	Palau	NA	NA	5	1/1/2024 - 12/31/2024
45-54 Years	Palau	NA	NA	5	1/1/2024 - 12/31/2024
55-64 Years	Palau	NA	NA	5	1/1/2024 - 12/31/2024
65+ Years	Palau	NA	NA	5	1/1/2024 - 12/31/2024
Total	Palau	NA	NA	5	1/1/2024 - 12/31/2024
